{
	"info": {
		"_postman_id": "7a578605-14ae-47b8-880e-4ef79bd967ae",
		"name": "LoginController",
		"schema": "https://schema.getpostman.com/json/collection/v2.1.0/collection.json",
		"_exporter_id": "11269308"
	},
	"item": [
		{
			"name": "Login Ok",
			"event": [
				{
					"listen": "test",
					"script": {
						"exec": [
							"if (pm.response.code == 200){\r",
							"    let res = pm.response.json();\r",
							"    pm.globals.set('ACCESS_TOKEN', res.token);\r",
							"    pm.environment.set('ACCESS_TOKEN', res.token);\r",
							"}"
						],
						"type": "text/javascript"
					}
				}
			],
			"request": {
				"method": "POST",
				"header": [
					{
						"key": "",
						"value": "",
						"type": "text",
						"disabled": true
					}
				],
				"body": {
					"mode": "raw",
					"raw": "{\r\n  \"userName\": \"carlos\",\r\n  \"password\": \"Gasdfrt567..\"\r\n}",
					"options": {
						"raw": {
							"language": "json"
						}
					}
				},
				"url": {
					"raw": "{{host}}/api/login",
					"host": [
						"{{host}}"
					],
					"path": [
						"api",
						"login"
					]
				}
			},
			"response": []
		},
		{
			"name": "Login Error - Nombre de Usuario vacío",
			"event": [
				{
					"listen": "test",
					"script": {
						"exec": [
							"if (pm.response.code == 200){\r",
							"    let res = pm.response.json();\r",
							"    pm.globals.set('ACCESS_TOKEN', res.token);\r",
							"    pm.environment.set('ACCESS_TOKEN', res.token);\r",
							"}"
						],
						"type": "text/javascript"
					}
				}
			],
			"request": {
				"method": "POST",
				"header": [
					{
						"key": "",
						"value": "",
						"type": "text",
						"disabled": true
					}
				],
				"body": {
					"mode": "raw",
					"raw": "{\r\n  \"userName\": \"\",\r\n  \"password\": \"Gasdfrt567..\"\r\n}",
					"options": {
						"raw": {
							"language": "json"
						}
					}
				},
				"url": {
					"raw": "{{host}}/api/login",
					"host": [
						"{{host}}"
					],
					"path": [
						"api",
						"login"
					]
				}
			},
			"response": []
		},
		{
			"name": "Login Error - El Usuario no existe",
			"event": [
				{
					"listen": "test",
					"script": {
						"exec": [
							"if (pm.response.code == 200){\r",
							"    let res = pm.response.json();\r",
							"    pm.globals.set('ACCESS_TOKEN', res.token);\r",
							"    pm.environment.set('ACCESS_TOKEN', res.token);\r",
							"}"
						],
						"type": "text/javascript"
					}
				}
			],
			"request": {
				"method": "POST",
				"header": [
					{
						"key": "",
						"value": "",
						"type": "text",
						"disabled": true
					}
				],
				"body": {
					"mode": "raw",
					"raw": "{\r\n  \"userName\": \"wwww\",\r\n  \"password\": \"Gasdfrt567..\"\r\n}",
					"options": {
						"raw": {
							"language": "json"
						}
					}
				},
				"url": {
					"raw": "{{host}}/api/login",
					"host": [
						"{{host}}"
					],
					"path": [
						"api",
						"login"
					]
				}
			},
			"response": []
		},
		{
			"name": "Login Error - Password no válido",
			"event": [
				{
					"listen": "test",
					"script": {
						"exec": [
							"if (pm.response.code == 200){\r",
							"    let res = pm.response.json();\r",
							"    pm.globals.set('ACCESS_TOKEN', res.token);\r",
							"    pm.environment.set('ACCESS_TOKEN', res.token);\r",
							"}"
						],
						"type": "text/javascript"
					}
				}
			],
			"request": {
				"method": "POST",
				"header": [
					{
						"key": "",
						"value": "",
						"type": "text",
						"disabled": true
					}
				],
				"body": {
					"mode": "raw",
					"raw": "{\r\n  \"userName\": \"carlos\",\r\n  \"password\": \"Gasdfrt567.\"\r\n}",
					"options": {
						"raw": {
							"language": "json"
						}
					}
				},
				"url": {
					"raw": "{{host}}/api/login",
					"host": [
						"{{host}}"
					],
					"path": [
						"api",
						"login"
					]
				}
			},
			"response": []
		},
		{
			"name": "Login Error - Token inválido",
			"event": [
				{
					"listen": "test",
					"script": {
						"exec": [
							"if (pm.response.code == 200){\r",
							"    let res = pm.response.json();\r",
							"    pm.globals.set('ACCESS_TOKEN', res.token);\r",
							"    pm.environment.set('ACCESS_TOKEN', res.token);\r",
							"}"
						],
						"type": "text/javascript"
					}
				}
			],
			"request": {
				"method": "POST",
				"header": [
					{
						"key": "",
						"value": "",
						"type": "text",
						"disabled": true
					}
				],
				"body": {
					"mode": "raw",
					"raw": "{\r\n  \"userName\": \"carlos\",\r\n  \"password\": \"Gasdfrt567..\"\r\n}",
					"options": {
						"raw": {
							"language": "json"
						}
					}
				},
				"url": {
					"raw": "{{host}}/api/login",
					"host": [
						"{{host}}"
					],
					"path": [
						"api",
						"login"
					]
				}
			},
			"response": []
		}
	]
}